model,accuracy_mean,accuracy_std,f1_mean,f1_std,precision_mean,precision_std,recall_mean,recall_std,roc_auc_mean,roc_auc_std
random_forest,0.99975,0.0003061862178478907,0.9997975707983583,0.00024792417944367076,0.9997977755308393,0.0004044489383215222,0.9997975708502025,0.00040485829959515664,0.9999990077002462,1.323066338532186e-06
lightgbm,0.9992500000000002,0.00046770717334673273,0.9993923018919684,0.00037914987489903317,0.9995953463810416,0.0004955975501750681,0.9991898732100299,0.0007580784507583712,0.9999555118943665,8.732551054722805e-05
xgboost,0.999375,0.000395284707521039,0.9994937731741563,0.0003200687780471563,0.9995953463810416,0.0004955975501750681,0.9993925074552175,0.0004960157270940877,0.999953196528274,9.031139278515909e-05
logistic_regression,0.99025,0.002256933760658476,0.9920828373024119,0.0018330590096608988,0.994717019700755,0.0029579945285362155,0.9894718383520175,0.0026845545499880196,0.9995435982859705,0.00016130883450142657
